lakeID,treatment,rep,incub_days,CH4adjConc_umolL,CO2adjConc_umolL
BH,algal,1,0,108.9772045,104.4990194
BH,algal,1,10.9583333333333,344.802328066667,170.16032344
BH,algal,1,19.7916666666667,638.57083626,226.97552352
BH,algal,1,24.7916666666667,703.745808533333,232.737993266667
BH,algal,1,4.95833333333333,242.521346966667,165.573723393333
BH,algal,2,0,87.58658607,93.45067233
BH,algal,2,10.9583333333333,323.778847206667,183.272256706667
BH,algal,2,19.7916666666667,653.51008172,252.109477613333
BH,algal,2,24.7916666666667,687.82512248,267.911430053333
BH,algal,2,4.95833333333333,217.501884338,162.943474922
BH,algal,3,0,102.7883028,124.5023281
BH,algal,3,10.9583333333333,323.01088842,202.844752053333
BH,algal,3,19.7916666666667,609.105432233333,254.22461688
BH,algal,3,24.7916666666667,685.98971234,274.22990466
BH,algal,3,4.95833333333333,198.80187482,172.929953006667
BH,control,1,0,87.58009738,105.2248217
BH,control,1,10.9583333333333,140.01111842,147.43628818
BH,control,1,19.7916666666667,194.64745972,202.850318793333
BH,control,1,24.7916666666667,174.269280546667,192.834973833333
BH,control,1,4.95833333333333,164.766644958667,184.824294813333
BH,control,2,0,107.726707,95.97457565
BH,control,2,10.9583333333333,173.548343193333,125.445560266667
BH,control,2,19.7916666666667,219.122641013333,166.305013933333
BH,control,2,24.7916666666667,198.155661946667,147.97817818
BH,control,2,4.95833333333333,188.848407866667,144.653406543333
BH,control,3,0,85.65926145,90.11831234
BH,control,3,10.9583333333333,144.584670693333,136.596803226667
BH,control,3,19.7916666666667,178.62898192,153.675868373333
BH,control,3,24.7916666666667,161.05321964,165.949420566667
BH,control,3,4.95833333333333,165.49520583,177.273201889333
BO,algal,1,0,61.17607555,178.9621689
BO,algal,1,11.0972222222222,147.619779113333,295.22539216
BO,algal,1,15.0138888888889,171.7395531,340.447174893333
BO,algal,1,16.6805555555556,154.644855493333,299.14424396
BO,algal,1,20.9305555555556,239.680177706667,417.960967186667
BO,algal,1,27.8888888888889,236.960996286667,369.880826973333
BO,algal,1,7.09722222222222,128.611721736667,202.87038266
BO,algal,2,0,76.57265374,188.7510919
BO,algal,2,11.0972222222222,232.052202086667,322.25805238
BO,algal,2,15.0138888888889,416.019695453333,412.501986766667
BO,algal,2,16.6805555555556,299.079979833333,352.95222166
BO,algal,2,20.9305555555556,433.74622212,498.64013504
BO,algal,2,27.8888888888889,517.371219146667,472.1526461
BO,algal,2,7.09722222222222,191.414260382667,220.995121826667
BO,algal,3,0,64.32154899,209.0647067
BO,algal,3,11.0972222222222,142.296011253333,347.033853413333
BO,algal,3,15.0138888888889,170.55290384,395.121726506667
BO,algal,3,16.6805555555556,151.590742593333,337.920038953333
BO,algal,3,20.9305555555556,214.166601046667,464.626815133333
BO,algal,3,27.8888888888889,204.039416306667,409.420956233333
BO,algal,3,7.09722222222222,120.950110566,227.663576813333
BO,control,1,0,111.9400828,205.2016924
BO,control,1,11.0972222222222,76.6449340533333,315.84324324
BO,control,1,15.0138888888889,19.282268268,355.18457202
BO,control,1,16.6805555555556,7.52824857066667,330.397466646667
BO,control,1,20.9305555555556,3.73775283626667,417.390162093333
BO,control,1,27.8888888888889,1.09351715873333,371.182665166667
BO,control,1,7.09722222222222,159.110760186667,224.901201926667
BO,control,2,0,117.8778428,194.4057259
BO,control,2,11.0972222222222,218.279565833333,304.725077773333
BO,control,2,15.0138888888889,199.063169746667,315.031381533333
BO,control,2,16.6805555555556,195.511420633333,341.447065386667
BO,control,2,20.9305555555556,211.605619433333,376.48154462
BO,control,2,27.8888888888889,168.945969866667,311.341907166667
BO,control,2,7.09722222222222,232.203392353333,231.787495826667
BO,control,3,0,106.3693425,174.9972438
BO,control,3,11.0972222222222,169.13427492,245.615348506667
BO,control,3,15.0138888888889,195.05780664,290.82194456
BO,control,3,16.6805555555556,175.8908584,253.76594488
BO,control,3,20.9305555555556,227.03864378,339.6402305
BO,control,3,27.8888888888889,193.530673733333,303.76438744
BO,control,3,7.09722222222222,219.1199693,215.36634202
BR,algal,1,0,203.4875798,143.4142561
BR,algal,1,10.0590277777778,288.03200856,227.85345008
BR,algal,1,15.8958333333333,792.564242213333,250.025946
BR,algal,1,20.8958333333333,819.39788656,270.800616346667
BR,algal,1,26.2291666666667,891.613444026667,259.376516066667
BR,algal,1,4.6875,346.547634053333,165.782771606667
BR,algal,2,0,209.643981,155.9100414
BR,algal,2,10.0590277777778,232.916449373333,203.155894146667
BR,algal,2,15.8958333333333,819.569677606667,259.194884046667
BR,algal,2,20.8958333333333,965.548756006667,316.71480708
BR,algal,2,26.2291666666667,1014.06386186667,293.035324313333
BR,algal,2,4.6875,415.380942,199.37891196
BR,algal,3,0,177.6204737,150.8676409
BR,algal,3,10.0590277777778,257.040818066667,205.585601746667
BR,algal,3,15.8958333333333,711.709479786667,265.709643473333
BR,algal,3,20.8958333333333,773.526740446667,299.452793033333
BR,algal,3,26.2291666666667,883.712128466667,296.701284206667
BR,algal,3,4.6875,333.821191413333,181.804799926667
BR,control,1,0,204.7402836,174.8825273
BR,control,1,10.0590277777778,227.975099106667,169.900593473333
BR,control,1,15.8958333333333,312.972361433333,212.760689253333
BR,control,1,20.8958333333333,350.239383473333,249.925852013333
BR,control,1,26.2291666666667,277.930113966667,220.25404442
BR,control,1,4.6875,259.01705134,195.599750253333
BR,control,2,0,198.9125425,149.9323395
BR,control,2,10.0590277777778,218.839677553333,150.15263656
BR,control,2,15.8958333333333,307.63220986,180.61065428
BR,control,2,20.8958333333333,329.640270193333,199.647255146667
BR,control,2,26.2291666666667,309.435717133333,209.63509812
BR,control,2,4.6875,253.238495966667,162.8040572
BR,control,3,0,200.69694,138.7294562
BR,control,3,10.0590277777778,201.012192626667,134.920820053333
BR,control,3,15.8958333333333,304.17291046,164.28759672
BR,control,3,20.8958333333333,341.4426327,188.157578246667
BR,control,3,26.2291666666667,302.945137973333,186.833337493333
BR,control,3,4.6875,289.2441694,170.342401713333
BY,algal,1,0,64.66221456,178.617081
BY,algal,1,11.9583333333333,119.077658976667,334.552876606667
BY,algal,1,17.2916666666667,117.36494656,348.676856433333
BY,algal,1,22.0416666666667,146.507082773333,433.422270226667
BY,algal,1,6.95833333333333,81.714895454,228.4607595
BY,algal,2,0,64.5179664,175.6226026
BY,algal,2,11.9583333333333,111.336726216,329.803512706667
BY,algal,2,17.2916666666667,109.614897166667,339.273057893333
BY,algal,2,22.0416666666667,144.225754513333,432.650454546667
BY,algal,2,6.95833333333333,82.3639235,238.457470606667
BY,algal,3,0,98.63034145,172.5784317
BY,algal,3,11.9583333333333,179.13698594,311.289932106667
BY,algal,3,17.2916666666667,205.339781373333,373.195899933333
BY,algal,3,22.0416666666667,242.00790448,438.44989432
BY,algal,3,6.95833333333333,137.079193696667,246.31466788
BY,control,1,0,224.5273428,284.7525072
BY,control,1,11.9583333333333,176.24120778,459.932212546667
BY,control,1,17.2916666666667,115.7802731,476.239230733333
BY,control,1,22.0416666666667,85.38912226,576.3447665
BY,control,1,6.95833333333333,195.74517872,386.95508618
BY,control,2,0,171.0165454,213.5201036
BY,control,2,11.9583333333333,254.737464706667,468.758313413333
BY,control,2,17.2916666666667,186.622465413333,488.307056433333
BY,control,2,22.0416666666667,134.549968386667,603.183323553333
BY,control,2,6.95833333333333,231.666098126667,369.994682273333
BY,control,3,0,164.2301972,187.7686919
BY,control,3,11.9583333333333,277.742994753333,273.705827033333
BY,control,3,17.2916666666667,255.70204324,271.776839806667
BY,control,3,22.0416666666667,277.28456988,310.260035786667
BY,control,3,6.95833333333333,241.404842113333,272.000204293333
CB,algal,1,0,74.4054759,167.6997302
CB,algal,1,10.0208333333333,104.997265613333,221.233384013333
CB,algal,1,16.1041666666667,160.696583706,315.080140873333
CB,algal,1,19.1875,163.9378979,319.06048492
CB,algal,1,25.0625,159.109019693333,303.630026053333
CB,algal,1,4.04166666666667,87.77082791,179.112825713333
CB,algal,2,0,75.21517559,173.7133264
CB,algal,2,10.0208333333333,111.373561446,220.926384153333
CB,algal,2,16.1041666666667,157.785428126667,280.4456406
CB,algal,2,19.1875,169.588743113333,292.42967442
CB,algal,2,25.0625,188.369086226667,310.6167866
CB,algal,2,4.04166666666667,93.0200957293333,189.721558226667
CB,algal,3,0,78.35794514,171.6753305
CB,algal,3,10.0208333333333,110.998759228667,223.767149193333
CB,algal,3,16.1041666666667,180.879414493333,317.892830146667
CB,algal,3,19.1875,179.4511503,304.75738722
CB,algal,3,25.0625,174.157093333333,294.329950186667
CB,algal,3,4.04166666666667,99.2749404393333,200.666894433333
CB,control,1,0,107.5984333,125.3147702
CB,control,1,10.0208333333333,167.26973594,184.290913746667
CB,control,1,16.1041666666667,219.082900586667,246.198053046667
CB,control,1,19.1875,188.33947238,207.5333396
CB,control,1,25.0625,246.84915814,229.81895742
CB,control,1,4.04166666666667,168.449705986667,174.708038713333
CB,control,2,0,115.4699184,144.6644432
CB,control,2,10.0208333333333,171.375597866667,193.0589799
CB,control,2,16.1041666666667,193.24212212,209.487658946667
CB,control,2,19.1875,204.509246773333,222.18373608
CB,control,2,25.0625,154.30683424,174.813457906667
CB,control,2,4.04166666666667,158.84013306,180.208226713333
CB,control,3,0,141.6923753,194.2782851
CB,control,3,10.0208333333333,100.455180326667,215.598398593333
CB,control,3,16.1041666666667,100.134713010667,233.665273933333
CB,control,3,19.1875,95.026977218,234.644821033333
CB,control,3,25.0625,76.358722954,208.762878746667
CB,control,3,4.04166666666667,142.334225353333,186.140042073333
CR,algal,1,0,148.5834084,206.4109894
CR,algal,1,14.8333333333333,181.08354216,246.943677326667
CR,algal,1,20.125,229.90858874,290.625568846667
CR,algal,1,24.75,270.78049382,328.32809728
CR,algal,1,29.8333333333333,21.1751758753333,170.994860466667
CR,algal,2,0,174.7245449,238.3591519
CR,algal,2,14.8333333333333,198.777211193333,267.272766526667
CR,algal,2,20.125,199.863792446667,253.942697226667
CR,algal,2,24.75,282.484522393333,340.84834912
CR,algal,2,29.8333333333333,22.3303571743333,178.987866266667
CR,algal,3,0,184.4829882,219.5557484
CR,algal,3,14.8333333333333,282.98409408,297.414100593333
CR,algal,3,20.125,367.49092118,342.01613178
CR,algal,3,24.75,486.370339286667,419.35415066
CR,algal,3,29.8333333333333,314.564496633333,217.524197973333
CR,control,1,0,133.2229887,168.2854334
CR,control,1,14.8333333333333,172.55037888,232.641675793333
CR,control,1,20.125,100.88610014,147.993970593333
CR,control,1,24.75,134.178555614667,203.523989653333
CR,control,1,29.8333333333333,10.3411299656667,105.775577106667
CR,control,2,0,125.153565,166.3833873
CR,control,2,14.8333333333333,159.8683135,218.65182662
CR,control,2,20.125,122.1997308,173.12138972
CR,control,2,24.75,126.33536002,187.066668866667
CR,control,2,29.8333333333333,9.681317737,96.31104506
CR,control,3,0,136.9591958,185.129838
CR,control,3,14.8333333333333,148.186708753333,236.4875408
CR,control,3,20.125,126.22537938,217.641145773333
CR,control,3,24.75,115.449546,212.098084166667
CR,control,3,29.8333333333333,8.51574789,107.971449223333
CYB,algal,1,0,136.1405337,373.5215088
CYB,algal,1,15.8333333333333,321.29001702,530.594555673333
CYB,algal,1,20.7916666666667,350.441558366667,551.553312106667
CYB,algal,1,26.7916666666667,357.07891848,546.528513546667
CYB,algal,1,5,194.37856588,441.25346502
CYB,algal,2,0,151.1972698,405.251704
CYB,algal,2,15.8333333333333,325.235654886667,543.905877753333
CYB,algal,2,20.7916666666667,351.604940633333,571.610746826667
CYB,algal,2,26.7916666666667,353.123570953333,558.242156346667
CYB,algal,2,5,213.951678786667,480.074355566667
CYB,algal,3,0,154.0069703,409.5214469
CYB,algal,3,15.8333333333333,329.874802586667,555.155022273333
CYB,algal,3,20.7916666666667,358.972317173333,583.79378522
CYB,algal,3,26.7916666666667,346.048500133333,551.871783466667
CYB,algal,3,5,219.321231153333,480.157376893333
CYB,control,1,0,220.918527,390.0930349
CYB,control,1,15.8333333333333,261.39468022,434.385715006667
CYB,control,1,20.7916666666667,238.31064606,434.71190322
CYB,control,1,26.7916666666667,194.045702073333,423.685448886667
CYB,control,1,5,293.6196891,498.071220426667
CYB,control,2,0,168.9250626,393.1158893
CYB,control,2,15.8333333333333,235.606013533333,441.380486373333
CYB,control,2,20.7916666666667,216.195364626667,451.5318155
CYB,control,2,26.7916666666667,181.59374946,430.832293233333
CYB,control,2,5,225.14854784,473.757196553333
CYB,control,3,0,168.0788546,384.5670517
CYB,control,3,15.8333333333333,199.832029986667,429.342165993333
CYB,control,3,20.7916666666667,168.66034942,435.90360056
CYB,control,3,26.7916666666667,155.0636374,427.385454373333
CYB,control,3,5,193.739637273333,398.265952346667
HB,algal,1,0,180.2013133,295.9623279
HB,algal,1,15,23.3454605626666,187.123606886667
HB,algal,1,20.0833333333333,226.915627651733,321.12352838
HB,algal,1,25.1666666666667,285.381533446667,384.107292186667
HB,algal,1,5.29166666666667,185.885577186667,263.41132066
HB,algal,1,9.91666666666667,305.502808886667,414.032439386667
HB,algal,2,0,168.2802852,267.6346993
HB,algal,2,15,27.3165948936667,216.39482294
HB,algal,2,25.1666666666667,272.468026436467,380.53255758
HB,algal,2,5.29166666666667,183.11306858,253.463407786667
HB,algal,2,9.91666666666667,353.915878226667,466.240434066667
HB,algal,3,0,155.2498359,249.3279296
HB,algal,3,15,26.1305351313334,202.70163092
HB,algal,3,20.0833333333333,319.510094770533,432.4972495
HB,algal,3,5.29166666666667,213.45078406,294.217171673333
HB,algal,3,9.91666666666667,345.9773741,461.85255528
HB,control,1,0,140.6928419,199.005233
HB,control,1,15,20.5252674243334,123.854448026667
HB,control,1,20.0833333333333,194.969272560733,282.70731536
HB,control,1,25.1666666666667,166.813140266667,244.779572053333
HB,control,1,5.29166666666667,174.429899993333,212.093937633333
HB,control,1,9.91666666666667,283.55544368,340.83468504
HB,control,2,0,188.8916658,264.9526491
HB,control,2,15,21.3996262386667,131.848351773333
HB,control,2,25.1666666666667,201.601594647467,264.87919408
HB,control,2,5.29166666666667,203.79925102,243.40179804
HB,control,2,9.91666666666667,290.10871612,332.179730306667
HB,control,3,0,184.2148868,276.8485445
HB,control,3,15,20.193951563,138.920811673333
HB,control,3,20.0833333333333,219.754513850867,275.120295586667
HB,control,3,5.29166666666667,190.127087753333,247.146673533333
HB,control,3,9.91666666666667,269.141698353333,328.868772526667
HH,algal,1,0,80.12163905,219.1916595
HH,algal,1,10.9583333333333,183.403850826667,320.852292093333
HH,algal,1,19.7916666666667,298.117855666667,384.560918066667
HH,algal,1,24.7916666666667,302.28328542,375.332773166667
HH,algal,1,4.95833333333333,143.802622503333,296.8553062
HH,algal,2,0,77.16529432,228.6824025
HH,algal,2,10.9583333333333,149.701835846667,267.90572028
HH,algal,2,19.7916666666667,306.400489526667,395.62962304
HH,algal,2,24.7916666666667,314.25315472,382.375058526667
HH,algal,2,4.95833333333333,114.477177154667,257.1854537
HH,algal,3,0,59.61815946,188.1426327
HH,algal,3,10.9583333333333,157.09254818,279.867411933333
HH,algal,3,19.7916666666667,295.067631453333,375.911045886667
HH,algal,3,24.7916666666667,306.622362006667,365.071671173333
HH,algal,3,4.95833333333333,115.795649664,262.33821918
HH,control,1,0,61.22120919,162.2231205
HH,control,1,10.9583333333333,69.0131250106667,227.09686662
HH,control,1,19.7916666666667,53.1760143646667,254.809570106667
HH,control,1,24.7916666666667,14.521876576,251.809342133333
HH,control,1,4.95833333333333,102.166648556,270.6307
HH,control,2,0,68.72297334,179.3544521
HH,control,2,10.9583333333333,87.2009826233333,251.6530011
HH,control,2,19.7916666666667,71.2318531873333,270.055127386667
HH,control,2,24.7916666666667,45.532973748,256.685211153333
HH,control,2,4.95833333333333,110.070593256,262.405847973333
HH,control,3,0,41.23217181,143.7068547
HH,control,3,10.9583333333333,39.2965701513333,193.533099626667
HH,control,3,19.7916666666667,18.7726471746667,235.53256842
HH,control,3,24.7916666666667,5.72557014066667,223.835344853333
HH,control,3,4.95833333333333,63.618792424,209.60568688
JS,algal,1,0,85.07641835,193.1944974
JS,algal,1,11.9583333333333,239.514433586667,311.690335973333
JS,algal,1,17.2916666666667,272.804757173333,329.920825846667
JS,algal,1,22.0416666666667,447.454714706667,465.240247166667
JS,algal,1,6.95833333333333,159.501186023333,262.96046976
JS,algal,2,0,88.4721045,167.6981997
JS,algal,2,11.9583333333333,205.699132766667,265.471822993333
JS,algal,2,17.2916666666667,221.917675706667,270.936547406667
JS,algal,2,22.0416666666667,370.38550652,393.32462462
JS,algal,2,6.95833333333333,142.3202778,213.97753838
JS,algal,3,0,49.35337538,234.6710062
JS,algal,3,11.9583333333333,109.130413175333,414.92016726
JS,algal,3,17.2916666666667,133.89382626,340.158324293333
JS,algal,3,22.0416666666667,257.729235773333,478.822501713333
JS,algal,3,6.95833333333333,61.8972616553333,306.514471646667
JS,control,1,0,146.9276585,173.5167003
JS,control,1,11.9583333333333,207.888787646667,311.946204353333
JS,control,1,17.2916666666667,132.63880538,284.91966546
JS,control,1,22.0416666666667,102.860649043333,387.794140486667
JS,control,1,6.95833333333333,213.495041433333,243.52342182
JS,control,2,0,159.4924473,187.8360572
JS,control,2,11.9583333333333,251.258845326667,245.370264706667
JS,control,2,17.2916666666667,211.150598246667,234.140209733333
JS,control,2,22.0416666666667,254.058861033333,324.711689866667
JS,control,2,6.95833333333333,239.39627922,246.480309413333
JS,control,3,0,163.1309418,192.3552339
JS,control,3,11.9583333333333,249.28727998,259.166090493333
JS,control,3,17.2916666666667,203.8871609,272.556441213333
JS,control,3,22.0416666666667,230.020620726667,335.83510898
JS,control,3,6.95833333333333,230.78398332,241.17704916
MI,algal,1,0,84.78163478,166.1431697
MI,algal,1,15.8333333333333,200.834568373333,291.245882153333
MI,algal,1,20.7916666666667,228.04735692,326.38948146
MI,algal,1,26.7916666666667,184.59562846,275.782459733333
MI,algal,1,5,161.089467585333,283.943652613333
MI,algal,2,0,74.37625673,154.1209919
MI,algal,2,15.8333333333333,179.591300886667,282.645490986667
MI,algal,2,20.7916666666667,190.5786052,290.178361346667
MI,algal,2,26.7916666666667,177.410060233333,287.246866846667
MI,algal,2,5,144.641385415333,280.865827093333
MI,algal,3,0,85.44617635,162.5293656
MI,algal,3,15.8333333333333,209.669841326667,282.18522638
MI,algal,3,20.7916666666667,200.910876846667,284.937402746667
MI,algal,3,26.7916666666667,170.53720266,261.332840566667
MI,algal,3,5,154.106856156667,267.53096874
MI,control,1,0,89.56358707,153.5341986
MI,control,1,15.8333333333333,110.468580646667,173.36066604
MI,control,1,20.7916666666667,93.3182034966667,182.15980662
MI,control,1,26.7916666666667,65.535571348,168.330787793333
MI,control,1,5,112.712979504667,169.13477934
MI,control,2,0,76.9019477,142.2696946
MI,control,2,15.8333333333333,108.255008966667,169.047436726667
MI,control,2,20.7916666666667,90.9674475666667,181.137637686667
MI,control,2,26.7916666666667,70.9098798306667,172.87095704
MI,control,2,5,106.500859513333,171.273602706667
MI,control,3,0,74.63086516,136.3441403
MI,control,3,15.8333333333333,113.013784334667,161.671667426667
MI,control,3,20.7916666666667,109.794844246667,168.934411453333
MI,control,3,26.7916666666667,90.37351467,161.022739373333
MI,control,3,5,101.959265530667,163.353166253333
MO,algal,1,0,123.6473192,216.1272752
MO,algal,1,10.8333333333333,233.09256008,362.987465733333
MO,algal,1,13.7291666666667,252.729524466667,405.043709513333
MO,algal,1,19.8958333333333,267.273414726667,406.937751213333
MO,algal,1,24.8125,297.40384472,423.854912033333
MO,algal,1,4.875,172.666053313333,269.576613013333
MO,algal,2,0,105.6427092,202.1851504
MO,algal,2,10.8333333333333,166.244510606667,329.110679926667
MO,algal,2,13.7291666666667,206.1137427,408.280004493333
MO,algal,2,19.8958333333333,233.30215326,424.287236906667
MO,algal,2,24.8125,239.47576958,396.299822433333
MO,algal,2,4.875,154.54678888,288.521507926667
MO,algal,3,0,87.71928838,181.5744318
MO,algal,3,10.8333333333333,151.079497493333,332.640819766667
MO,algal,3,13.7291666666667,175.455029126667,381.66810892
MO,algal,3,19.8958333333333,204.742914586667,405.83833376
MO,algal,3,24.8125,220.1361567,390.938250266667
MO,algal,3,4.875,132.106966458667,275.90612912
MO,control,1,0,102.5926176,175.1559194
MO,control,1,10.8333333333333,229.614820333333,279.981733006667
MO,control,1,13.7291666666667,163.743867006667,313.353769066667
MO,control,1,19.8958333333333,132.994591973333,308.2691449
MO,control,1,24.8125,127.63717182,286.550430953333
MO,control,1,4.875,166.91132134,249.680666393333
MO,control,2,0,133.883503,233.8353336
MO,control,2,10.8333333333333,213.5370454,312.310845733333
MO,control,2,13.7291666666667,211.041829166667,342.87349036
MO,control,2,19.8958333333333,164.637771513333,309.96770548
MO,control,2,24.8125,164.08665802,304.63593448
MO,control,2,4.875,234.372092866667,347.01500974
MO,control,3,0,133.2814639,209.0330241
MO,control,3,10.8333333333333,223.766100293333,310.43048212
MO,control,3,13.7291666666667,214.862627946667,325.848034313333
MO,control,3,19.8958333333333,196.45579444,331.048633793333
MO,control,3,24.8125,175.837392406667,301.77474378
MO,control,3,4.875,203.123919826667,276.00879874
NG,algal,1,0,132.2495092,281.2041734
NG,algal,1,16.0625,192.190593553333,352.14394906
NG,algal,1,19.1458333333333,222.60581046,416.883685386667
NG,algal,1,25.0208333333333,214.9752931,409.01824894
NG,algal,1,4,154.378132246667,292.787725993333
NG,algal,1,9.97916666666667,182.581899686667,346.024294306667
NG,algal,2,0,129.6845969,280.2941576
NG,algal,2,16.0625,178.476584886667,355.45853034
NG,algal,2,19.1458333333333,193.200851826667,393.086514233333
NG,algal,2,25.0208333333333,148.314617586667,321.57016012
NG,algal,2,4,155.770013993333,307.871832773333
NG,algal,2,9.97916666666667,156.652733913333,328.16306964
NG,algal,3,0,97.77826071,228.5921741
NG,algal,3,16.0625,181.000185953333,393.978811986667
NG,algal,3,19.1458333333333,174.025073373333,399.018836353333
NG,algal,3,25.0208333333333,164.45666946,395.892623446667
NG,algal,3,4,138.611592414,307.486716073333
NG,algal,3,9.97916666666667,144.02109808,317.938556986667
NG,control,1,0,192.9553446,294.2513626
NG,control,1,16.0625,261.733735806667,441.4216027
NG,control,1,19.1458333333333,186.304487513333,445.364259573333
NG,control,1,25.0208333333333,40.68057772,425.128275706667
NG,control,1,4,294.06152194,414.063395706667
NG,control,1,9.97916666666667,262.801683753333,366.967789046667
NG,control,2,0,217.8571957,305.4632368
NG,control,2,16.0625,326.831268793333,380.51137226
NG,control,2,19.1458333333333,312.120272326667,373.7904763
NG,control,2,25.0208333333333,274.90341812,348.2107801
NG,control,2,4,309.153843946667,389.003081786667
NG,control,2,9.97916666666667,271.83206546,328.2330033
NG,control,3,0,197.2846481,273.6728187
NG,control,3,16.0625,265.53425216,299.22210412
NG,control,3,19.1458333333333,295.66174732,339.354454226667
NG,control,3,25.0208333333333,271.775245073333,325.995293466667
NG,control,3,4,305.883629373333,366.85391488
NG,control,3,9.97916666666667,299.0060917,356.11281482
NH,algal,1,0,100.0756551,211.9113431
NH,algal,1,10.9583333333333,259.23931526,378.272185793333
NH,algal,1,19.7916666666667,365.781165073333,420.60367226
NH,algal,1,24.7916666666667,385.589097213333,447.470856226667
NH,algal,1,4.95833333333333,231.90686774,375.410453773333
NH,algal,2,0,111.5966801,235.434509
NH,algal,2,10.9583333333333,238.03166592,358.89746692
NH,algal,2,19.7916666666667,356.447408113333,435.00238882
NH,algal,2,24.7916666666667,359.765944086667,436.35521458
NH,algal,2,4.95833333333333,224.267871973333,367.034748233333
NH,algal,3,0,107.6270701,240.0508513
NH,algal,3,10.9583333333333,212.75863528,333.2407527
NH,algal,3,19.7916666666667,320.517118226667,416.725876626667
NH,algal,3,24.7916666666667,334.800012873333,428.073926646667
NH,algal,3,4.95833333333333,207.184476206667,355.582897086667
NH,control,1,0,104.792071,206.9391453
NH,control,1,10.9583333333333,192.437011946667,276.597524553333
NH,control,1,19.7916666666667,191.052615526667,279.79913376
NH,control,1,24.7916666666667,147.6056494,280.097689593333
NH,control,1,4.95833333333333,248.675198766667,337.02286782
NH,control,2,0,114.022708,221.1255199
NH,control,2,10.9583333333333,152.25916374,279.64993056
NH,control,2,19.7916666666667,151.339700006667,278.13498082
NH,control,2,24.7916666666667,130.852757153333,271.493437533333
NH,control,2,4.95833333333333,196.019035966667,316.870887726667
NH,control,3,0,93.80780358,183.8183149
NH,control,3,10.9583333333333,130.80102414,253.964307646667
NH,control,3,19.7916666666667,128.118217666667,250.05962678
NH,control,3,24.7916666666667,114.037466513333,265.029271606667
NH,control,3,4.95833333333333,157.971873172,262.863753526667
PA,algal,1,0,84.27807964,169.0763918
PA,algal,1,14,377.99601454,341.90422072
PA,algal,1,20.0833333333333,557.760133033333,488.02073112
PA,algal,1,25.1666666666667,639.0890919,484.75662198
PA,algal,1,3.94791666666667,197.705422442667,277.537888553333
PA,algal,1,9.08333333333333,274.112527853333,299.246954073333
PA,algal,2,0,133.5460515,220.789347
PA,algal,2,14,577.58585564,461.776090046667
PA,algal,2,20.0833333333333,799.729264053333,594.2720422
PA,algal,2,25.1666666666667,824.31050148,573.948676826667
PA,algal,2,3.94791666666667,301.1308273,347.7664941
PA,algal,2,9.08333333333333,374.49761808,378.222305153333
PA,algal,3,0,121.7303306,197.9568161
PA,algal,3,14,469.494855493333,376.416229213333
PA,algal,3,20.0833333333333,517.398227846667,385.009983326667
PA,algal,3,25.1666666666667,788.31361434,539.076369513333
PA,algal,3,3.94791666666667,223.656119373333,281.298665173333
PA,algal,3,9.08333333333333,311.828561166667,305.450808473333
PA,control,1,0,87.90511862,149.8329254
PA,control,1,14,148.362330426667,202.9620257
PA,control,1,20.0833333333333,215.076077606667,282.61385672
PA,control,1,25.1666666666667,176.518875433333,218.11722212
PA,control,1,3.94791666666667,111.278606141333,170.582477193333
PA,control,1,9.08333333333333,147.223679226667,201.880032033333
PA,control,2,0,76.41712048,136.7894889
PA,control,2,14,113.406514253333,179.109076686667
PA,control,2,20.0833333333333,141.042522046667,211.028515933333
PA,control,2,25.1666666666667,115.617227353333,203.148106433333
PA,control,2,3.94791666666667,104.965477798667,171.16274676
PA,control,2,9.08333333333333,135.324550173333,206.4139993
PA,control,3,0,89.41768088,154.7836612
PA,control,3,14,78.8956337866667,146.849341686667
PA,control,3,20.0833333333333,139.2213567,214.872836766667
PA,control,3,25.1666666666667,135.298267913333,218.21262896
PA,control,3,3.94791666666667,108.115757725333,189.174176046667
PA,control,3,9.08333333333333,105.793299566667,177.282539653333
PE,algal,1,0,148.1429563,241.3765221
PE,algal,1,14,439.06553524,457.814646
PE,algal,1,20.0833333333333,573.967600473333,550.111990206667
PE,algal,1,25.1666666666667,609.083194406667,510.135892933333
PE,algal,1,3.9375,184.197669286667,247.38681904
PE,algal,1,9.08333333333333,303.65946358,364.26376356
PE,algal,2,0,147.9656035,225.1271555
PE,algal,2,14,406.769309306667,449.48435258
PE,algal,2,20.0833333333333,522.60687666,529.05404784
PE,algal,2,25.1666666666667,543.038834693333,484.05911808
PE,algal,2,3.9375,184.929184566667,245.298215133333
PE,algal,2,9.08333333333333,298.6075685,378.680368906667
PE,algal,3,0,155.2670061,226.9548752
PE,algal,3,14,404.323779666667,413.06978562
PE,algal,3,20.0833333333333,584.72439728,574.353615893333
PE,algal,3,25.1666666666667,595.91878952,507.024083006667
PE,algal,3,3.9375,211.55994034,265.640294613333
PE,algal,3,9.08333333333333,346.55041994,402.41105794
PE,control,1,0,141.1754264,183.3123861
PE,control,1,14,57.0033774966666,119.792163
PE,control,1,20.0833333333333,196.556016898,277.230636646667
PE,control,1,25.1666666666667,210.0474546,299.405027786667
PE,control,1,3.9375,176.275046693333,198.10438984
PE,control,1,9.08333333333333,248.99990884,292.912642106667
PE,control,2,0,190.5697557,214.3824157
PE,control,2,14,285.529814726667,306.617260453333
PE,control,2,20.0833333333333,239.719567653333,286.023903553333
PE,control,2,25.1666666666667,210.50552832,288.7006335
PE,control,2,3.9375,178.70500108,180.918851746667
PE,control,2,9.08333333333333,281.554743946667,274.152715846667
PE,control,3,0,146.321057,173.0926215
PE,control,3,14,105.74249167,390.232713093333
PE,control,3,20.0833333333333,19.962359252,409.266249613333
PE,control,3,25.1666666666667,10.323504334,357.85378514
PE,control,3,3.9375,203.134683433333,217.2960792
PE,control,3,9.08333333333333,245.59414752,289.93389814
SE,algal,1,0,100.1240848,190.7072323
SE,algal,1,10.9583333333333,217.332206826667,298.979314633333
SE,algal,1,19.7916666666667,348.4328464,382.21569864
SE,algal,1,24.7916666666667,354.87675426,386.932760066667
SE,algal,1,4.95833333333333,196.792916386667,318.403240986667
SE,algal,2,0,90.84862554,176.416751
SE,algal,2,10.9583333333333,266.264499566667,317.39906258
SE,algal,2,19.7916666666667,449.784653913333,405.688220893333
SE,algal,2,24.7916666666667,463.942699846667,399.39868972
SE,algal,2,4.95833333333333,210.019058036,301.051021933333
SE,algal,3,0,118.8150409,220.7364343
SE,algal,3,10.9583333333333,277.65088162,356.13099286
SE,algal,3,19.7916666666667,412.414846853333,413.07764192
SE,algal,3,24.7916666666667,433.70579336,420.999661346667
SE,algal,3,4.95833333333333,244.947100026667,347.701693186667
SE,control,1,0,103.3450212,177.9148355
SE,control,1,10.9583333333333,119.906756513333,205.632082633333
SE,control,1,19.7916666666667,110.390751093333,239.614386373333
SE,control,1,24.7916666666667,89.7606377,233.575511466667
SE,control,1,4.95833333333333,148.75357978,231.465182033333
SE,control,2,0,87.88043676,160.3040875
SE,control,2,10.9583333333333,118.147200553333,190.744310166667
SE,control,2,19.7916666666667,141.681464113333,227.52330006
SE,control,2,24.7916666666667,123.31495528,221.12594556
SE,control,2,4.95833333333333,132.298711084,208.749980666667
SE,control,3,0,78.86468474,144.81007
SE,control,3,10.9583333333333,109.594613513333,196.143593073333
SE,control,3,19.7916666666667,110.695231253333,203.499197193333
SE,control,3,24.7916666666667,94.33627154,196.351110906667
SE,control,3,4.95833333333333,146.199696349333,237.266579766667
TB,algal,1,0,197.0788895,359.7955335
TB,algal,1,15.8333333333333,308.343494933333,698.414290093333
TB,algal,1,20.7916666666667,338.204664873333,716.97232228
TB,algal,1,26.7916666666667,338.91175184,648.635040013333
TB,algal,1,5,317.577142633333,528.0436523
TB,algal,2,0,225.3437763,362.8224498
TB,algal,2,15.8333333333333,560.549481793333,616.282729106667
TB,algal,2,20.7916666666667,632.0186,638.120391973333
TB,algal,2,26.7916666666667,569.4368533,572.706254333333
TB,algal,2,5,392.82175782,548.43946842
TB,algal,3,0,227.5164765,372.1448306
TB,algal,3,15.8333333333333,484.780019766667,555.376632113333
TB,algal,3,20.7916666666667,544.392399786667,583.906965526667
TB,algal,3,26.7916666666667,511.847218406667,543.15721584
TB,algal,3,5,280.1255821,402.621978573333
TB,control,1,0,203.6207413,318.3035239
TB,control,1,15.8333333333333,377.74943068,431.175202013333
TB,control,1,20.7916666666667,393.695937226667,445.43830578
TB,control,1,26.7916666666667,344.946721406667,411.219868713333
TB,control,1,5,310.612685286667,412.585547126667
TB,control,2,0,230.9117999,346.8418734
TB,control,2,15.8333333333333,397.883775953333,445.156657913333
TB,control,2,20.7916666666667,409.049006793333,445.397520373333
TB,control,2,26.7916666666667,358.519296,401.558942326667
TB,control,2,5,337.632880793333,430.06252876
TB,control,3,0,254.2285279,341.0395911
TB,control,3,15.8333333333333,380.097017333333,395.264778486667
TB,control,3,20.7916666666667,392.392137626667,402.333121273333
TB,control,3,26.7916666666667,340.54213502,379.870802993333
TB,control,3,5,317.732805026667,376.11520354
TF,algal,1,0,103.9666018,124.713205
TF,algal,1,10.0590277777778,233.47807882,185.4307169
TF,algal,1,15.8958333333333,318.10016672,282.23704686
TF,algal,1,20.8958333333333,358.485246326667,299.379761873333
TF,algal,1,26.2291666666667,425.629371446667,304.682593286667
TF,algal,1,4.6875,184.718329586667,167.598921166667
TF,algal,2,0,72.69029667,107.0024387
TF,algal,2,10.0590277777778,187.09514138,170.515224366667
TF,algal,2,15.8958333333333,247.928466633333,259.916431893333
TF,algal,2,20.8958333333333,292.872675326667,253.981335266667
TF,algal,2,26.2291666666667,355.656608786667,280.039833653333
TF,algal,2,4.6875,134.675675478,146.678885413333
TF,algal,3,0,95.52383265,123.6284611
TF,algal,3,10.0590277777778,218.370535633333,175.41816572
TF,algal,3,15.8958333333333,289.394458526667,227.029573486667
TF,algal,3,20.8958333333333,357.116692893333,252.40015336
TF,algal,3,26.2291666666667,357.325440366667,236.237717326667
TF,algal,3,4.6875,168.42126151,158.455901206667
TF,control,1,0,193.4458149,139.2202448
TF,control,1,10.0590277777778,218.302444666667,157.7612677
TF,control,1,15.8958333333333,199.7025427,216.733789553333
TF,control,1,20.8958333333333,220.245988606667,228.821002566667
TF,control,1,26.2291666666667,244.034547226667,207.51509852
TF,control,1,4.6875,175.65221016,133.108928153333
TF,control,2,0,109.255538,113.9114612
TF,control,2,10.0590277777778,200.570430833333,135.388552246667
TF,control,2,15.8958333333333,203.909463193333,210.28811914
TF,control,2,20.8958333333333,194.936315313333,198.8244167
TF,control,2,26.2291666666667,174.88023882,174.10459442
TF,control,2,4.6875,179.202616533333,139.080237113333
TF,control,3,0,107.970493,96.35403534
TF,control,3,10.0590277777778,160.48121502,109.954352493333
TF,control,3,15.8958333333333,164.371096193333,153.683775906667
TF,control,3,20.8958333333333,170.280308046667,153.137205753333
TF,control,3,26.2291666666667,140.1029134,139.4972425
TF,control,3,4.6875,158.993084666667,116.280540756
TR,algal,1,0,219.6111647,366.8584956
TR,algal,1,15.8333333333333,355.367762086667,436.581052186667
TR,algal,1,20.7916666666667,369.819000713333,452.76699588
TR,algal,1,26.7916666666667,339.956677473333,431.111544813333
TR,algal,1,5,342.211500113333,502.79582534
TR,algal,2,0,204.1664788,353.2044053
TR,algal,2,15.8333333333333,313.868289893333,417.040431106667
TR,algal,2,20.7916666666667,327.7642292,436.46225074
TR,algal,2,26.7916666666667,289.744090826667,415.91259108
TR,algal,2,5,311.221266986667,476.930030453333
TR,algal,3,0,192.174144,328.9837851
TR,algal,3,15.8333333333333,305.180817986667,409.274304433333
TR,algal,3,20.7916666666667,307.675464333333,411.355759453333
TR,algal,3,26.7916666666667,274.21154432,396.04469164
TR,algal,3,5,280.5560594,442.77163934
TR,control,1,0,224.055345,347.1893018
TR,control,1,15.8333333333333,319.088326833333,368.999005213333
TR,control,1,20.7916666666667,336.180809506667,384.14386314
TR,control,1,26.7916666666667,277.1338444,338.185906433333
TR,control,1,5,335.3621365,447.228325153333
TR,control,2,0,200.2380032,329.7083974
TR,control,2,15.8333333333333,332.92423868,394.443987433333
TR,control,2,20.7916666666667,341.894802066667,398.868305206667
TR,control,2,26.7916666666667,291.776151386667,369.50512464
TR,control,2,5,335.211357913333,472.470434826667
TR,control,3,0,179.5037808,294.3616588
TR,control,3,15.8333333333333,285.913845386667,339.279098873333
TR,control,3,20.7916666666667,297.3351805,350.123507706667
TR,control,3,26.7916666666667,245.11035044,317.172145326667
TR,control,3,5,294.46479702,421.754862186667
WA,algal,1,0,103.3736245,140.0366041
WA,algal,1,10.5,188.518180133333,282.303407973333
WA,algal,1,14.2916666666667,247.151737053333,376.334310073333
WA,algal,1,19.5,248.24727152,357.998826653333
WA,algal,1,24.625,277.90230522,362.65074044
WA,algal,1,29.2916666666667,335.9779402,403.140317853333
WA,algal,1,4.48611111111111,142.614932466667,203.676244206667
WA,algal,2,0,114.2069214,141.5253111
WA,algal,2,10.5,206.9743617,282.51292664
WA,algal,2,14.2916666666667,313.103100733333,422.136433193333
WA,algal,2,19.5,301.915298113333,393.420780466667
WA,algal,2,24.625,314.11084808,383.001492173333
WA,algal,2,29.2916666666667,359.00720528,399.306127173333
WA,algal,2,4.48611111111111,173.86938776,226.99931434
WA,algal,3,0,116.4789324,152.8206111
WA,algal,3,10.5,227.716883126667,319.40469026
WA,algal,3,14.2916666666667,313.460925746667,421.733455913333
WA,algal,3,19.5,299.603380273333,386.550350926667
WA,algal,3,24.625,317.164498213333,387.694983493333
WA,algal,3,29.2916666666667,370.30353438,414.234929866667
WA,algal,3,4.48611111111111,179.21546356,242.37521664
WA,control,1,0,165.1391683,160.7356162
WA,control,1,10.5,216.942671413333,212.231398366667
WA,control,1,14.2916666666667,279.058796493333,293.763974346667
WA,control,1,19.5,251.987146786667,269.743904413333
WA,control,1,24.625,273.67793746,252.047686613333
WA,control,1,29.2916666666667,226.0813352,248.902264893333
WA,control,1,4.48611111111111,220.174130586667,205.063112746667
WA,control,2,0,190.4483992,181.2600712
WA,control,2,10.5,216.367138133333,200.073824613333
WA,control,2,14.2916666666667,261.7938315,250.472032086667
WA,control,2,19.5,217.327892973333,219.733734113333
WA,control,2,24.625,218.809162393333,227.96713926
WA,control,2,29.2916666666667,234.051219213333,243.16679122
WA,control,2,4.48611111111111,216.317729446667,196.574124446667
WA,control,3,0,154.1123809,157.4238185
WA,control,3,10.5,189.600960293333,199.8168206
WA,control,3,14.2916666666667,235.851406426667,259.001413346667
WA,control,3,19.5,190.856499626667,219.48298202
WA,control,3,24.625,186.601481493333,221.224337
WA,control,3,29.2916666666667,183.9905321,218.855204413333
WA,control,3,4.48611111111111,198.332757126667,193.230544733333
WL,algal,1,0,184.5459137,229.9632684
WL,algal,1,15.8333333333333,481.932405393333,394.816730633333
WL,algal,1,20.7916666666667,581.709333913333,463.090876
WL,algal,1,26.7916666666667,539.326000826667,437.730704773333
WL,algal,1,5,300.685563813333,325.29065406
WL,algal,2,0,195.3890005,234.4893792
WL,algal,2,15.8333333333333,605.282730966667,412.9704052
WL,algal,2,20.7916666666667,748.2777378,478.85965006
WL,algal,2,26.7916666666667,715.432642193333,468.101920626667
WL,algal,2,5,353.982420366667,345.83040478
WL,algal,3,0,180.6535258,230.4088421
WL,algal,3,15.8333333333333,493.015964346667,384.612571013333
WL,algal,3,20.7916666666667,588.276154393333,432.52738336
WL,algal,3,26.7916666666667,556.09539924,430.763437366667
WL,algal,3,5,304.097205086667,331.262548673333
WL,control,1,0,181.3253005,196.8696196
WL,control,1,15.8333333333333,244.814691586667,231.640169166667
WL,control,1,20.7916666666667,214.26761274,253.24312376
WL,control,1,26.7916666666667,144.88259034,241.269889446667
WL,control,1,5,222.893958166667,233.206340306667
WL,control,2,0,172.2961311,199.1435852
WL,control,2,15.8333333333333,275.69196328,239.130639993333
WL,control,2,20.7916666666667,262.2877678,251.634970386667
WL,control,2,26.7916666666667,205.504085426667,240.066909813333
WL,control,2,5,247.76696794,262.472284413333
WL,control,3,0,206.6174107,216.3216469
WL,control,3,15.8333333333333,253.834706246667,229.955455033333
WL,control,3,20.7916666666667,270.748414126667,251.36216764
WL,control,3,26.7916666666667,223.873045506667,243.283001233333
WL,control,3,5,249.294419246667,260.235637126667
